"PK_PRODUNITID"|"FK_SUPPLIERID"|"FK_PRODUCTID"|"UPC_CODE"|"INVENTORY_CODE"|"PRICE"|"VOLUME"|"SHIPWEIGHT"|"SHIPHEIGHT"|"SHIPWIDTH"|"SHIPLENGTH"|"VOLUMESALE"|"VOLUMEUNIT"|"DATEMODIFIED"|"DATECREATED"|"STATUS"
"2"|"0"|"1"||"#1044C"|"9"|"12"|"0"|"0"|"0"|"0"|"1"|"o.z."|"2008-09-28 15:10:22"|"2008-08-18 14:38:54"|"active"
"3"|"0"|"1"||"#1044C"|"8.75"|"12"|"0"|"0"|"0"|"0"|"12"|"o.z."|"2008-08-18 16:42:50"|"2008-08-18 14:42:50"|"active"
"4"|"0"|"1"||"#1044"|"28"|"1"|"9"|"12"|"5.5"|"5.5"|"1"|"Gals."|"2008-09-29 10:53:16"|"2008-08-18 14:43:25"|"active"
"5"|"0"|"1"||"#1044A"|"26"|"1"|"36"|"12"|"11"|"11"|"4"|"Gals."|"2008-08-18 16:43:49"|"2008-08-18 14:43:49"|"active"
"6"|"0"|"2"||"#1045C"|"9.5"|"12"|"0"|"0"|"0"|"0"|"1"|"o.z."|"2008-08-18 16:44:35"|"2008-08-18 14:44:35"|"active"
"7"|"0"|"2"||"#1045C"|"9.25"|"12"|"0"|"0"|"0"|"0"|"12"|"o.z."|"2008-08-18 16:45:00"|"2008-08-18 14:45:00"|"active"
"8"|"0"|"2"||"#1045"|"29"|"1"|"9"|"12"|"5.5"|"5.5"|"1"|"Gals."|"2008-08-18 16:45:37"|"2008-08-18 14:45:37"|"active"
"9"|"0"|"2"||"#1045A"|"27"|"1"|"36"|"12"|"11"|"11"|"4"|"Gals."|"2008-08-18 16:49:20"|"2008-08-18 14:49:20"|"active"
"10"|"0"|"3"||"#1049C"|"9"|"12"|"0"|"0"|"0"|"0"|"1"|"o.z."|"2008-08-18 16:52:25"|"2008-08-18 14:52:25"|"active"
"11"|"0"|"3"||"#1049C"|"8.75"|"12"|"0"|"0"|"0"|"0"|"12"|"o.z."|"2008-08-18 16:52:43"|"2008-08-18 14:52:43"|"active"
"12"|"0"|"3"||"#1049"|"28.5"|"1"|"9"|"12"|"5.5"|"5.5"|"1"|"Gals."|"2008-08-18 16:53:10"|"2008-08-18 14:53:10"|"active"
"13"|"0"|"3"||"#1049A"|"26.5"|"1"|"36"|"12"|"11"|"11"|"4"|"Gals."|"2008-08-18 16:53:28"|"2008-08-18 14:53:28"|"active"
"14"|"0"|"4"||"#1056C"|"9.5"|"12"|"0"|"0"|"0"|"0"|"1"|"o.z."|"2008-08-18 16:53:57"|"2008-08-18 14:53:57"|"active"
"15"|"0"|"4"||"#1056C"|"9.25"|"12"|"0"|"0"|"0"|"0"|"12"|"o.z."|"2008-08-18 16:54:23"|"2008-08-18 14:54:23"|"active"
"16"|"0"|"4"||"#1056"|"27"|"12"|"36"|"12"|"11"|"11"|"4"|"Gals."|"2008-09-29 17:29:27"|"2008-08-18 14:54:55"|"active"
"17"|"0"|"4"||"#1056"|"29"|"1"|"9"|"12"|"5.5"|"5.5"|"1"|"Gals."|"2008-08-18 16:56:05"|"2008-08-18 14:56:05"|"active"
"18"|"0"|"5"||"#1048C"|"9.5"|"12"|"0"|"0"|"0"|"0"|"1"|"o.z."|"2008-08-18 16:56:38"|"2008-08-18 14:56:38"|"active"
"19"|"0"|"5"||"#1048C"|"9.25"|"12"|"0"|"0"|"0"|"0"|"12"|"o.z."|"2008-08-18 16:57:18"|"2008-08-18 14:57:18"|"active"
"20"|"0"|"5"||"#1048"|"29"|"1"|"9"|"12"|"5.5"|"5.5"|"1"|"Gals."|"2008-08-18 16:57:34"|"2008-08-18 14:57:34"|"active"
"21"|"0"|"5"||"#1048A"|"27"|"1"|"36"|"12"|"11"|"11"|"4"|"Gals."|"2008-08-18 16:58:03"|"2008-08-18 14:58:03"|"active"
"22"|"0"|"6"||"#1060C"|"9.5"|"12"|"0"|"0"|"0"|"0"|"1"|"o.z."|"2008-08-18 16:58:40"|"2008-08-18 14:58:40"|"active"
"23"|"0"|"6"||"#1060C"|"9.25"|"12"|"0"|"0"|"0"|"0"|"12"|"o.z."|"2008-08-18 16:58:57"|"2008-08-18 14:58:57"|"active"
"24"|"0"|"6"||"#1060"|"30"|"1"|"9"|"12"|"5.5"|"5.5"|"1"|"Gals."|"2008-08-18 17:00:06"|"2008-08-18 15:00:06"|"active"
"25"|"0"|"6"||"#1060A"|"28"|"1"|"36"|"12"|"11"|"11"|"4"|"Gals."|"2008-08-18 17:00:32"|"2008-08-18 15:00:32"|"active"
"26"|"0"|"7"||"#1059C"|"8.5"|"12"|"0"|"0"|"0"|"0"|"1"|"o.z."|"2008-08-18 17:00:52"|"2008-08-18 15:00:52"|"active"
"27"|"0"|"7"||"#1059C"|"8.25"|"12"|"0"|"0"|"0"|"0"|"12"|"o.z."|"2008-08-18 17:01:19"|"2008-08-18 15:01:19"|"active"
"28"|"0"|"7"||"#1059"|"26"|"1"|"9"|"12"|"5.5"|"5.5"|"1"|"Gals."|"2008-08-18 17:01:58"|"2008-08-18 15:01:58"|"active"
"29"|"0"|"7"||"#1059A"|"24"|"1"|"36"|"12"|"11"|"11"|"4"|"Gals."|"2008-08-18 17:02:14"|"2008-08-18 15:02:14"|"active"
"30"|"0"|"8"||"#1046C"|"7.5"|"12"|"0"|"0"|"0"|"0"|"1"|"o.z."|"2008-08-18 17:02:50"|"2008-08-18 15:02:50"|"active"
"31"|"0"|"8"||"#1046C"|"7.25"|"12"|"0"|"0"|"0"|"0"|"12"|"o.z."|"2008-08-18 17:03:10"|"2008-08-18 15:03:10"|"active"
"32"|"0"|"8"||"#1046"|"25"|"1"|"9"|"12"|"5.5"|"5.5"|"1"|"Gals."|"2008-08-18 17:03:29"|"2008-08-18 15:03:29"|"active"
"33"|"0"|"0"|||"0"|"0"|"0"|"0"|"0"|"0"|"0"||"2008-08-18 17:06:02"|"2008-08-18 15:06:02"|"active"
"34"|"0"|"8"||"#1046"|"25"|"1"|"9"|"12"|"5.5"|"5.5"|"1"|"Gals."|"2008-09-29 13:34:31"|"2008-08-18 15:08:14"|"deleted"
"35"|"0"|"8"||"#1046A"|"23"|"1"|"36"|"12"|"11"|"11"|"4"|"Gals."|"2008-08-18 17:08:30"|"2008-08-18 15:08:30"|"active"
"36"|"0"|"9"||"#1047C"|"7"|"12"|"0"|"0"|"0"|"0"|"1"|"o.z."|"2008-08-18 17:08:50"|"2008-08-18 15:08:50"|"active"
"37"|"0"|"9"||"#1047C"|"6.75"|"12"|"0"|"0"|"0"|"0"|"12"|"o.z."|"2008-08-18 17:09:07"|"2008-08-18 15:09:07"|"active"
"38"|"0"|"9"||"#1047"|"24"|"1"|"9"|"12"|"5.5"|"5.5"|"1"|"Gals."|"2008-08-18 17:09:25"|"2008-08-18 15:09:25"|"active"
"39"|"0"|"9"||"#1047A"|"22"|"1"|"36"|"12"|"11"|"11"|"4"|"Gals."|"2008-08-18 17:09:36"|"2008-08-18 15:09:36"|"active"
"40"|"0"|"10"||"1050A1"|"3.5"|"2"|"0"|"0"|"0"|"0"|"1"|"o.z."|"2008-09-29 13:40:05"|"2008-08-18 15:10:06"|"active"
"41"|"0"|"10"||"1050B1"|"7"|"12"|"0"|"0"|"0"|"0"|"1"|"o.z."|"2008-09-29 13:40:24"|"2008-08-18 15:10:22"|"active"
"42"|"0"|"10"||"1050C1"|"41"|"1"|"9"|"12"|"5.5"|"5.5"|"1"|"Gals."|"2008-09-29 13:40:46"|"2008-08-18 15:10:35"|"active"
"43"|"0"|"11"||"1050A2"|"3.5"|"2"|"0"|"0"|"0"|"0"|"1"|"o.z."|"2008-09-29 13:42:57"|"2008-08-18 15:10:46"|"active"
"44"|"0"|"11"||"1050B2"|"7"|"12"|"0"|"0"|"0"|"0"|"1"|"o.z."|"2008-09-29 13:43:44"|"2008-08-18 15:10:55"|"active"
"45"|"0"|"11"||"1050C2"|"41"|"1"|"9"|"12"|"5.5"|"5.5"|"1"|"Gals."|"2008-09-29 13:44:10"|"2008-08-18 15:11:10"|"active"
"46"|"0"|"12"||"1050A3"|"3.5"|"2"|"0"|"0"|"0"|"0"|"1"|"o.z."|"2008-09-29 13:46:00"|"2008-08-18 15:11:19"|"active"
"47"|"0"|"12"||"B3"|"7"|"12"|"0"|"0"|"0"|"0"|"1"|"o.z."|"2008-09-29 13:46:18"|"2008-08-18 15:11:29"|"active"
"48"|"0"|"12"||"C3"|"41"|"1"|"9"|"12"|"5.5"|"5.5"|"1"|"Gals."|"2008-09-29 13:46:33"|"2008-08-18 15:11:40"|"active"
"49"|"0"|"13"||"1050A4"|"3.5"|"2"|"0"|"0"|"0"|"0"|"1"|"o.z."|"2008-09-29 14:09:56"|"2008-08-18 15:11:50"|"active"
"50"|"0"|"13"||"B4"|"7"|"12"|"0"|"0"|"0"|"0"|"1"|"o.z."|"2008-09-29 14:09:25"|"2008-08-18 15:12:34"|"active"
"51"|"0"|"13"||"C4"|"41"|"1"|"9"|"12"|"5.5"|"5.5"|"1"|"Gals."|"2008-09-29 14:09:42"|"2008-08-18 15:12:47"|"active"
"53"|"0"|"14"||"#1054"|"11"|"2"|"0"|"0"|"0"|"0"|"1"|"o.z."|"2008-08-18 17:14:10"|"2008-08-18 15:14:10"|"active"
"54"|"0"|"15"||"#1005C"|"8"|"16"|"0"|"0"|"2.25"|"2.25"|"1"|"o.z."|"2008-08-18 17:14:48"|"2008-08-18 15:14:48"|"active"
"55"|"0"|"15"||"#1005C"|"7.75"|"16"|"0"|"0"|"0"|"0"|"12"|"o.z."|"2008-08-18 17:15:08"|"2008-08-18 15:15:08"|"active"
"56"|"0"|"15"||"#1005"|"36"|"1"|"9"|"12"|"5.5"|"5.5"|"1"|"Gals."|"2008-08-18 17:15:30"|"2008-08-18 15:15:30"|"active"
"57"|"0"|"15"||"#1005A"|"34"|"1"|"36"|"12"|"11"|"11"|"4"|"Gals."|"2008-08-18 17:15:48"|"2008-08-18 15:15:48"|"active"
"58"|"0"|"16"||"#1007C"|"6"|"16"|"0"|"0"|"2.25"|"2.25"|"1"|"o.z."|"2008-08-18 17:16:10"|"2008-08-18 15:16:10"|"active"
"59"|"0"|"16"||"#1007C"|"5.75"|"16"|"0"|"0"|"0"|"0"|"12"|"o.z."|"2008-08-18 17:16:43"|"2008-08-18 15:16:43"|"active"
"60"|"0"|"16"||"#1007"|"23"|"1"|"9"|"12"|"5.5"|"5.5"|"1"|"Gals."|"2008-08-18 17:16:56"|"2008-08-18 15:16:56"|"active"
"61"|"0"|"16"||"#1007A"|"21"|"1"|"36"|"12"|"11"|"11"|"4"|"Gals."|"2008-08-18 17:17:19"|"2008-08-18 15:17:19"|"active"
"62"|"0"|"16"||"#1007B"|"103.75"|"5"|"0"|"0"|"0"|"0"|"1"|"Gals."|"2008-08-18 17:18:06"|"2008-08-18 15:18:06"|"active"
"63"|"0"|"17"||"#1035C"|"7"|"16"|"0"|"0"|"2.25"|"2.25"|"1"|"o.z."|"2008-08-18 17:18:27"|"2008-08-18 15:18:27"|"active"
"64"|"0"|"17"||"#1035C"|"6.75"|"16"|"0"|"0"|"0"|"0"|"12"|"o.z."|"2008-08-18 17:18:50"|"2008-08-18 15:18:50"|"active"
"65"|"0"|"17"||"#1035"|"29"|"1"|"9"|"12"|"5.5"|"5.5"|"1"|"Gals."|"2008-08-18 17:19:06"|"2008-08-18 15:19:06"|"active"
"66"|"0"|"17"||"#1035A"|"27"|"1"|"36"|"12"|"11"|"11"|"4"|"Gals."|"2008-08-18 17:19:25"|"2008-08-18 15:19:25"|"active"
"67"|"0"|"17"||"#1035B"|"133.75"|"5"|"0"|"0"|"0"|"0"|"1"|"Gals."|"2008-08-18 17:19:53"|"2008-08-18 15:19:53"|"active"
"68"|"0"|"18"||"#1006C"|"6"|"16"|"0"|"0"|"2.25"|"2.25"|"1"|"o.z."|"2008-08-18 17:20:11"|"2008-08-18 15:20:11"|"active"
"69"|"0"|"18"||"#1006C"|"5.75"|"16"|"0"|"0"|"0"|"0"|"12"|"o.z."|"2008-08-18 17:20:26"|"2008-08-18 15:20:26"|"active"
"70"|"0"|"18"||"#1006"|"22"|"1"|"9"|"12"|"5.5"|"5.5"|"1"|"Gals."|"2008-08-18 17:20:46"|"2008-08-18 15:20:46"|"active"
"71"|"0"|"18"||"#1006A"|"20"|"1"|"36"|"12"|"11"|"11"|"4"|"Gals."|"2008-08-18 17:20:59"|"2008-08-18 15:20:59"|"active"
"72"|"0"|"18"||"#1006B"|"98.75"|"5"|"0"|"0"|"0"|"0"|"1"|"Gals."|"2008-08-18 17:21:19"|"2008-08-18 15:21:19"|"active"
"73"|"0"|"19"||"#1042C"|"13"|"32"|"0"|"0"|"3.25"|"3.25"|"1"|"o.z."|"2008-08-18 17:21:50"|"2008-08-18 15:21:50"|"active"
"74"|"0"|"19"||"#1042C"|"12.75"|"32"|"0"|"0"|"0"|"0"|"6"|"o.z."|"2008-08-18 17:22:13"|"2008-08-18 15:22:13"|"active"
"75"|"0"|"19"||"#1042"|"40"|"1"|"9"|"12"|"5.5"|"5.5"|"1"|"Gals."|"2008-08-18 17:22:33"|"2008-08-18 15:22:33"|"active"
"76"|"0"|"19"||"#1042A"|"38"|"1"|"36"|"12"|"11"|"11"|"4"|"Gals."|"2008-08-18 17:22:51"|"2008-08-18 15:22:51"|"active"
"77"|"0"|"20"||"#1017C"|"6"|"16"|"0"|"0"|"2.25"|"2.25"|"1"|"o.z."|"2008-08-18 17:23:42"|"2008-08-18 15:23:42"|"active"
"78"|"0"|"20"||"#1017C"|"5.75"|"16"|"0"|"0"|"0"|"0"|"12"|"o.z."|"2008-08-18 17:24:02"|"2008-08-18 15:24:02"|"active"
"79"|"0"|"20"||"#1017"|"24"|"1"|"9"|"12"|"5.5"|"5.5"|"1"|"Gals."|"2008-08-18 17:24:25"|"2008-08-18 15:24:25"|"active"
"80"|"0"|"20"||"#1017A"|"22"|"1"|"36"|"12"|"11"|"11"|"4"|"Gals."|"2008-08-18 17:24:43"|"2008-08-18 15:24:43"|"active"
"81"|"0"|"20"||"#1017B"|"108.75"|"5"|"0"|"0"|"0"|"0"|"1"|"Gals."|"2008-08-18 17:25:11"|"2008-08-18 15:25:11"|"active"
"82"|"0"|"21"||"#1011C"|"6.25"|"16"|"0"|"0"|"2.25"|"2.25"|"1"|"o.z."|"2008-08-18 17:25:36"|"2008-08-18 15:25:36"|"active"
"83"|"0"|"21"||"#1011C"|"6"|"16"|"0"|"0"|"0"|"0"|"12"|"o.z."|"2008-08-18 17:25:52"|"2008-08-18 15:25:52"|"active"
"85"|"0"|"21"||"#1011"|"26"|"1"|"9"|"12"|"5.5"|"5.5"|"1"|"Gals."|"2008-08-18 17:27:39"|"2008-08-18 15:27:39"|"active"
"86"|"0"|"21"||"#1011A"|"24"|"1"|"36"|"12"|"11"|"11"|"4"|"Gals."|"2008-08-18 17:27:56"|"2008-08-18 15:27:56"|"active"
"87"|"0"|"71"||"#1022C"|"6.25"|"16"|"0"|"0"|"2.25"|"2.25"|"1"|"o.z."|"2008-08-18 17:36:01"|"2008-08-18 15:36:01"|"active"
"88"|"0"|"71"||"#1022C"|"6"|"16"|"0"|"0"|"0"|"0"|"12"|"o.z."|"2008-08-18 17:36:18"|"2008-08-18 15:36:18"|"active"
"89"|"0"|"71"||"#1022"|"27"|"1"|"9"|"12"|"5.5"|"5.5"|"1"|"Gals."|"2008-08-18 17:36:37"|"2008-08-18 15:36:37"|"active"
"90"|"0"|"71"||"#1022A"|"25"|"1"|"36"|"12"|"11"|"11"|"4"|"Gals."|"2008-08-18 17:36:58"|"2008-08-18 15:36:58"|"active"
"91"|"0"|"71"||"#1022B"|"123.75"|"5"|"0"|"0"|"0"|"0"|"1"|"Gals."|"2008-08-18 17:37:24"|"2008-08-18 15:37:24"|"active"
"92"|"0"|"22"||"#1013C"|"6.25"|"16"|"0"|"0"|"2.25"|"2.25"|"1"|"o.z."|"2008-08-18 17:37:54"|"2008-08-18 15:37:54"|"active"
"93"|"0"|"22"||"#1013C"|"6"|"16"|"0"|"0"|"0"|"0"|"12"|"o.z."|"2008-08-18 17:38:10"|"2008-08-18 15:38:10"|"active"
"94"|"0"|"22"||"#1013"|"26"|"1"|"9"|"12"|"5.5"|"5.5"|"1"|"Gals."|"2008-08-18 17:38:30"|"2008-08-18 15:38:30"|"active"
"95"|"0"|"22"||"#1013A"|"24"|"1"|"36"|"12"|"11"|"11"|"4"|"Gals."|"2008-08-18 17:38:45"|"2008-08-18 15:38:45"|"active"
"96"|"0"|"22"||"#1013B"|"118.75"|"5"|"0"|"0"|"0"|"0"|"1"|"Gals."|"2008-08-18 17:39:09"|"2008-08-18 15:39:09"|"active"
"97"|"0"|"23"||"#1057C"|"6.25"|"16"|"0"|"0"|"2.25"|"2.25"|"1"|"o.z."|"2008-08-18 17:39:45"|"2008-08-18 15:39:45"|"active"
"98"|"0"|"23"||"#1057C"|"6"|"16"|"0"|"0"|"0"|"0"|"12"|"o.z."|"2008-08-18 17:40:10"|"2008-08-18 15:40:10"|"active"
"99"|"0"|"23"||"#1057"|"27"|"1"|"9"|"12"|"5.5"|"5.5"|"1"|"Gals."|"2008-08-18 17:40:28"|"2008-08-18 15:40:28"|"active"
"100"|"0"|"23"||"#1057A"|"25"|"1"|"36"|"12"|"11"|"11"|"4"|"Gals."|"2008-08-18 17:40:48"|"2008-08-18 15:40:48"|"active"
"101"|"0"|"23"||"#1057B"|"123.75"|"5"|"0"|"0"|"0"|"0"|"1"|"Gals."|"2008-08-18 17:41:10"|"2008-08-18 15:41:10"|"active"
"102"|"0"|"25"||"#1038C"|"6"|"16"|"0"|"0"|"2.25"|"2.25"|"1"|"o.z."|"2008-08-18 17:41:32"|"2008-08-18 15:41:32"|"active"
"103"|"0"|"25"||"#1038C"|"5.75"|"16"|"0"|"0"|"0"|"0"|"12"|"o.z."|"2008-08-18 17:41:49"|"2008-08-18 15:41:49"|"active"
"104"|"0"|"25"||"#1038"|"22"|"1"|"9"|"12"|"5.5"|"5.5"|"1"|"Gals."|"2008-08-18 17:42:07"|"2008-08-18 15:42:07"|"active"
"105"|"0"|"25"||"#1038A"|"20"|"1"|"36"|"12"|"11"|"11"|"4"|"Gals."|"2008-08-18 17:42:32"|"2008-08-18 15:42:32"|"active"
"106"|"0"|"25"||"#1038B"|"98.75"|"5"|"0"|"0"|"0"|"0"|"1"|"Gals."|"2008-08-18 17:42:54"|"2008-08-18 15:42:54"|"active"
"107"|"0"|"26"||"#1012C"|"6.25"|"16"|"0"|"0"|"2.25"|"2.25"|"1"|"o.z."|"2008-08-18 17:43:16"|"2008-08-18 15:43:16"|"active"
"108"|"0"|"26"||"#1012C"|"6"|"16"|"0"|"0"|"0"|"0"|"12"|"o.z."|"2008-08-18 17:43:28"|"2008-08-18 15:43:28"|"active"
"109"|"0"|"26"||"#1012"|"27"|"1"|"9"|"12"|"5.5"|"5.5"|"1"|"Gals."|"2008-08-18 17:43:44"|"2008-08-18 15:43:44"|"active"
"110"|"0"|"26"||"#1012A"|"25"|"1"|"36"|"12"|"11"|"11"|"4"|"Gals."|"2008-08-18 17:44:02"|"2008-08-18 15:44:02"|"active"
"111"|"0"|"26"||"#1012B"|"123.75"|"5"|"0"|"0"|"0"|"0"|"1"|"Gals."|"2008-08-18 17:44:26"|"2008-08-18 15:44:26"|"active"
"112"|"0"|"27"||"#1014C"|"7.25"|"16"|"0"|"0"|"2.25"|"2.25"|"1"|"o.z."|"2008-08-18 17:45:03"|"2008-08-18 15:45:03"|"active"
"113"|"0"|"27"||"#1014C"|"7"|"16"|"0"|"0"|"0"|"0"|"12"|"o.z."|"2008-08-18 17:45:23"|"2008-08-18 15:45:23"|"active"
"114"|"0"|"27"||"#1014"|"30"|"1"|"9"|"12"|"5.5"|"5.5"|"1"|"Gals."|"2008-08-18 17:46:02"|"2008-08-18 15:46:02"|"active"
"115"|"0"|"27"||"#1014A"|"28"|"1"|"36"|"12"|"11"|"11"|"4"|"Gals."|"2008-08-18 17:46:19"|"2008-08-18 15:46:19"|"active"
"116"|"0"|"27"||"#1014B"|"138.75"|"5"|"0"|"0"|"0"|"0"|"1"|"Gals."|"2008-08-18 17:46:44"|"2008-08-18 15:46:44"|"active"
"117"|"0"|"28"||"#1040C"|"6"|"16"|"0"|"0"|"2.25"|"2.25"|"1"|"o.z."|"2008-08-18 17:47:06"|"2008-08-18 15:47:06"|"active"
"118"|"0"|"28"||"#1040C"|"5.75"|"16"|"0"|"0"|"0"|"0"|"12"|"o.z."|"2008-08-18 17:47:37"|"2008-08-18 15:47:37"|"active"
"119"|"0"|"28"||"#1040"|"24"|"1"|"9"|"12"|"5.5"|"5.5"|"1"|"Gals."|"2008-08-18 17:47:54"|"2008-08-18 15:47:54"|"active"
"120"|"0"|"28"||"#1040A"|"22"|"1"|"36"|"12"|"11"|"11"|"4"|"Gals."|"2008-08-18 17:48:09"|"2008-08-18 15:48:09"|"active"
"121"|"0"|"28"||"#1040B"|"108.75"|"5"|"0"|"0"|"0"|"0"|"1"|"Gals."|"2008-08-18 17:48:27"|"2008-08-18 15:48:27"|"active"
"122"|"0"|"29"||"#1021Q"|"18"|"32"|"0"|"0"|"0"|"0"|"1"||"2008-09-29 16:59:15"|"2008-08-18 15:49:30"|"active"
"123"|"0"|"29"||"#1021"|"35"|"1"|"9"|"12"|"5.5"|"5.5"|"1"|"Gals."|"2008-08-18 17:49:54"|"2008-08-18 15:49:54"|"active"
"124"|"0"|"29"||"#1021A"|"33"|"1"|"36"|"12"|"11"|"11"|"4"|"Gals."|"2008-08-18 17:50:20"|"2008-08-18 15:50:20"|"active"
"125"|"0"|"29"||"#1021B"|"163.75"|"5"|"0"|"0"|"0"|"0"|"1"|"Gals."|"2008-08-18 17:50:41"|"2008-08-18 15:50:41"|"active"
"126"|"0"|"30"||"#1016C"|"6"|"16"|"0"|"0"|"2.25"|"2.25"|"1"|"o.z."|"2008-08-18 17:51:06"|"2008-08-18 15:51:06"|"active"
"127"|"0"|"30"||"#1016C"|"5.75"|"16"|"0"|"0"|"0"|"0"|"12"|"o.z."|"2008-08-18 17:51:24"|"2008-08-18 15:51:24"|"active"
"128"|"0"|"30"||"#1016"|"25"|"1"|"9"|"12"|"5.5"|"5.5"|"1"|"Gals."|"2008-08-18 17:51:37"|"2008-08-18 15:51:37"|"active"
"129"|"0"|"30"||"#1016A"|"23"|"1"|"36"|"12"|"11"|"11"|"4"|"Gals."|"2008-08-18 17:51:50"|"2008-08-18 15:51:50"|"active"
"130"|"0"|"30"||"#1016B"|"113.75"|"5"|"0"|"0"|"0"|"0"|"1"|"Gals."|"2008-08-18 17:52:09"|"2008-08-18 15:52:09"|"active"
"131"|"0"|"31"||"#1019"|"33"|"1"|"9"|"12"|"5.5"|"5.5"|"1"|"Gals."|"2008-08-18 17:52:32"|"2008-08-18 15:52:32"|"active"
"132"|"0"|"31"||"#1019A"|"31"|"1"|"36"|"12"|"11"|"11"|"4"|"Gals."|"2008-08-18 17:52:49"|"2008-08-18 15:52:49"|"active"
"133"|"0"|"32"||"#1036C"|"6"|"16"|"0"|"0"|"2.25"|"2.25"|"1"|"o.z."|"2008-08-18 17:53:07"|"2008-08-18 15:53:07"|"active"
"134"|"0"|"32"||"#1036C"|"5.75"|"16"|"0"|"0"|"0"|"0"|"12"|"o.z."|"2008-08-18 17:53:25"|"2008-08-18 15:53:25"|"active"
"135"|"0"|"32"||"#1036"|"18"|"1"|"9"|"12"|"5.5"|"5.5"|"1"|"Gals."|"2008-08-18 17:53:52"|"2008-08-18 15:53:52"|"active"
"136"|"0"|"32"||"#1036A"|"16"|"1"|"36"|"12"|"11"|"11"|"4"|"Gals."|"2008-08-18 17:54:06"|"2008-08-18 15:54:06"|"active"
"137"|"0"|"72"||"#1020C"|"7.5"|"16"|"0"|"0"|"2.25"|"2.25"|"1"|"o.z."|"2008-08-18 19:49:17"|"2008-08-18 17:49:17"|"active"
"138"|"0"|"72"||"#1020C"|"7.25"|"16"|"0"|"0"|"0"|"0"|"12"|"o.z."|"2008-08-18 19:49:39"|"2008-08-18 17:49:39"|"active"
"139"|"0"|"72"||"#1020"|"33"|"1"|"9"|"12"|"5.5"|"5.5"|"1"|"Gals."|"2008-08-18 19:49:57"|"2008-08-18 17:49:57"|"active"
"140"|"0"|"72"||"#1020A"|"31"|"1"|"36"|"12"|"11"|"11"|"4"|"Gals."|"2008-08-18 19:50:48"|"2008-08-18 17:50:48"|"active"
"141"|"0"|"72"||"#1020B"|"153.75"|"5"|"0"|"0"|"0"|"0"|"1"|"Gals."|"2008-08-18 19:51:19"|"2008-08-18 17:51:19"|"active"
"142"|"0"|"33"||"#1061C"|"7.5"|"16"|"0"|"0"|"2.25"|"2.25"|"1"|"o.z."|"2008-08-18 19:53:07"|"2008-08-18 17:53:07"|"active"
"143"|"0"|"33"||"#1061C"|"7.25"|"16"|"0"|"0"|"0"|"0"|"12"|"o.z."|"2008-08-18 19:58:50"|"2008-08-18 17:58:50"|"active"
"144"|"0"|"33"||"#1061"|"30"|"1"|"9"|"12"|"5.5"|"5.5"|"1"|"Gals."|"2008-08-18 19:59:40"|"2008-08-18 17:59:40"|"active"
"145"|"0"|"33"||"#1061A"|"28"|"1"|"36"|"12"|"11"|"11"|"4"|"Gals."|"2008-08-18 20:00:26"|"2008-08-18 18:00:26"|"active"
"146"|"0"|"34"||"#1023C"|"7.5"|"16"|"0"|"0"|"2.25"|"2.25"|"1"|"o.z."|"2008-08-18 20:01:42"|"2008-08-18 18:01:42"|"active"
"147"|"0"|"34"||"#1023C"|"7.25"|"16"|"0"|"0"|"0"|"0"|"12"|"o.z."|"2008-08-18 20:02:09"|"2008-08-18 18:02:09"|"active"
"148"|"0"|"34"||"#1023"|"31"|"1"|"9"|"12"|"5.5"|"5.5"|"1"|"Gals."|"2008-08-18 20:02:21"|"2008-08-18 18:02:21"|"active"
"149"|"0"|"34"||"#1023A"|"29"|"1"|"36"|"12"|"11"|"11"|"4"|"Gals."|"2008-08-18 20:02:39"|"2008-08-18 18:02:39"|"active"
"150"|"0"|"35"||"#1066"|"14"|"4"|"0"|"0"|"0"|"0"|"1"|"o.z."|"2008-08-18 20:02:56"|"2008-08-18 18:02:56"|"active"
"151"|"0"|"36"||"#1008C"|"3.75"|"8"|"0"|"0"|"0"|"0"|"1"|"o.z."|"2008-08-18 20:03:36"|"2008-08-18 18:03:36"|"active"
"152"|"0"|"36"||"#1008C"|"3.5"|"8"|"0"|"0"|"0"|"0"|"12"|"o.z."|"2008-08-18 20:03:51"|"2008-08-18 18:03:51"|"active"
"153"|"0"|"36"||"#1008"|"22"|"1"|"9"|"12"|"5.5"|"5.5"|"1"|"Gals."|"2008-08-18 20:04:15"|"2008-08-18 18:04:15"|"active"
"154"|"0"|"36"||"#1008A"|"20"|"1"|"36"|"12"|"11"|"11"|"4"|"Gals."|"2008-08-18 20:04:30"|"2008-08-18 18:04:30"|"active"
"155"|"0"|"36"||"#1008B"|"98.75"|"5"|"0"|"0"|"0"|"0"|"1"|"Gals."|"2008-08-18 20:04:44"|"2008-08-18 18:04:44"|"active"
"156"|"0"|"37"||"#1039"|"34"|"1"|"9"|"12"|"5.5"|"5.5"|"1"|"Gals."|"2008-08-18 20:11:41"|"2008-08-18 18:11:41"|"active"
"157"|"0"|"37"||"#1039A"|"32"|"1"|"36"|"12"|"11"|"11"|"4"|"Gals."|"2008-08-18 20:12:12"|"2008-08-18 18:12:12"|"active"
"158"|"0"|"37"||"#1039B"|"158.75"|"5"|"0"|"0"|"0"|"0"|"1"|"Gals."|"2008-08-18 20:12:29"|"2008-08-18 18:12:29"|"active"
"159"|"0"|"38"||"#1018A"|"3"|"2"|"0"|"0"|"0"|"0"|"1"|"o.z."|"2008-08-18 20:13:00"|"2008-08-18 18:13:00"|"active"
"160"|"0"|"38"||"#1018B"|"6"|"8"|"0"|"0"|"0"|"0"|"1"|"o.z."|"2008-08-18 20:13:16"|"2008-08-18 18:13:16"|"active"
"161"|"0"|"38"||"#1018C"|"40"|"1"|"9"|"12"|"5.5"|"5.5"|"1"|"Gals."|"2008-08-18 20:13:34"|"2008-08-18 18:13:34"|"active"
"162"|"0"|"39"||"#1024A"|"3.5"|"2"|"0"|"0"|"0"|"0"|"1"|"o.z."|"2008-08-18 20:14:01"|"2008-08-18 18:14:01"|"active"
"163"|"0"|"39"||"#1024B"|"6.5"|"8"|"0"|"0"|"0"|"0"|"1"|"o.z."|"2008-08-18 20:14:22"|"2008-08-18 18:14:22"|"active"
"164"|"0"|"39"||"#1024C"|"45"|"1"|"9"|"12"|"5.5"|"5.5"|"1"|"Gals."|"2008-08-18 20:14:36"|"2008-08-18 18:14:36"|"active"
"165"|"0"|"40"||"#2005D"|"18"|"64"|"0"|"0"|"0"|"0"|"1"|"o.z."|"2008-10-09 19:00:38"|"2008-08-18 18:15:02"|"deleted"
"166"|"0"|"40"||"2005E"|"5"|"2"|"0"|"0"|"0"|"0"|"1"|"o.z."|"2008-10-09 19:00:55"|"2008-08-18 18:17:31"|"active"
"167"|"0"|"41"||"#1043"|"7"|"2.5"|"0"|"0"|"0"|"0"|"1"|"o.z."|"2008-08-18 20:20:45"|"2008-08-18 18:20:45"|"active"
"168"|"0"|"41"||"#1043"|"6.75"|"2.5"|"0"|"0"|"0"|"0"|"12"|"o.z."|"2008-08-18 20:21:03"|"2008-08-18 18:21:03"|"active"
"169"|"0"|"41"||"1043A"|"12"|"32"|"0"|"0"|"3.25"|"3.25"|"1"|"o.z."|"2008-08-18 20:21:20"|"2008-08-18 18:21:20"|"active"
"170"|"0"|"42"||"#1058"|"10"|"8"|"0"|"0"|"0"|"0"|"1"|"o.z."|"2008-08-18 20:29:00"|"2008-08-18 18:29:00"|"active"
"171"|"0"|"42"||"#1058"|"9.75"|"8"|"0"|"0"|"0"|"0"|"12"|"o.z."|"2008-08-18 20:29:25"|"2008-08-18 18:29:25"|"active"
"172"|"0"|"43"||"#1055C"|"12"|"16"|"0"|"0"|"2.25"|"2.25"|"1"|"o.z."|"2008-08-18 20:29:54"|"2008-08-18 18:29:54"|"active"
"173"|"0"|"43"||"#1055C"|"11.75"|"16"|"0"|"0"|"0"|"0"|"12"|"o.z."|"2008-08-18 20:30:22"|"2008-08-18 18:30:22"|"active"
"174"|"0"|"43"||"#1055"|"27"|"1"|"9"|"12"|"5.5"|"5.5"|"1"|"Gals."|"2008-08-18 20:30:40"|"2008-08-18 18:30:40"|"active"
"175"|"0"|"43"||"#1055A"|"25"|"1"|"36"|"12"|"11"|"11"|"4"|"Gals."|"2008-08-18 20:30:57"|"2008-08-18 18:30:57"|"active"
"176"|"0"|"44"||"#1064-0501"|"11"|"1.7"|"0"|"0"|"0"|"0"|"1"|"o.z."|"2008-08-18 20:31:59"|"2008-08-18 18:31:59"|"active"
"177"|"0"|"45"||"#1064-0502"|"11"|"1.7"|"0"|"0"|"0"|"0"|"1"|"o.z."|"2008-08-18 20:33:39"|"2008-08-18 18:33:39"|"active"
"178"|"0"|"45"||"#1064-DG10-60"|"2.5"|"0"|"0"|"0"|"0"|"0"|"1"||"2008-08-18 20:34:26"|"2008-08-18 18:34:26"|"active"
"179"|"0"|"46"||"#1065"|"20"|"0"|"0"|"0"|"0"|"0"|"1"||"2008-08-18 20:34:46"|"2008-08-18 18:34:46"|"active"
"180"|"0"|"47"||"#1010C"|"6.25"|"16"|"0"|"0"|"2.25"|"2.25"|"1"|"o.z."|"2008-08-18 20:35:22"|"2008-08-18 18:35:22"|"active"
"181"|"0"|"47"||"#1010C"|"6"|"16"|"0"|"0"|"0"|"0"|"12"|"o.z."|"2008-08-18 20:35:36"|"2008-08-18 18:35:36"|"active"
"182"|"0"|"47"||"#1010"|"27"|"1"|"9"|"12"|"5.5"|"5.5"|"1"|"Gals."|"2008-08-18 20:35:47"|"2008-08-18 18:35:47"|"active"
"183"|"0"|"47"||"#1010A"|"25"|"1"|"36"|"12"|"11"|"11"|"4"|"Gals."|"2008-08-18 20:36:00"|"2008-08-18 18:36:00"|"active"
"184"|"0"|"47"||"#1010B"|"123.75"|"5"|"0"|"0"|"0"|"0"|"1"|"Gals."|"2008-08-18 20:36:17"|"2008-08-18 18:36:17"|"active"
"185"|"0"|"48"||"#1037C"|"6.25"|"16"|"0"|"0"|"2.25"|"2.25"|"1"|"o.z."|"2008-08-18 20:36:36"|"2008-08-18 18:36:36"|"active"
"186"|"0"|"48"||"#1037C"|"6"|"16"|"0"|"0"|"0"|"0"|"12"|"o.z."|"2008-08-18 20:36:56"|"2008-08-18 18:36:56"|"active"
"187"|"0"|"48"||"#1037"|"26"|"1"|"9"|"12"|"5.5"|"5.5"|"1"|"Gals."|"2008-08-18 20:37:10"|"2008-08-18 18:37:10"|"active"
"188"|"0"|"48"||"#1037A"|"24"|"1"|"36"|"12"|"11"|"11"|"4"|"Gals."|"2008-08-18 20:37:30"|"2008-08-18 18:37:30"|"active"
"189"|"0"|"48"||"#1037B"|"118.75"|"5"|"0"|"0"|"0"|"0"|"1"|"Gals."|"2008-08-18 20:37:57"|"2008-08-18 18:37:57"|"active"
"190"|"0"|"49"||"#1009C"|"5.5"|"16"|"0"|"0"|"2.25"|"2.25"|"1"|"o.z."|"2008-08-18 20:43:44"|"2008-08-18 18:43:44"|"active"
"191"|"0"|"49"||"#1009C"|"5.25"|"16"|"0"|"0"|"0"|"0"|"12"|"o.z."|"2008-08-18 20:43:57"|"2008-08-18 18:43:57"|"active"
"192"|"0"|"49"||"#1009"|"21"|"1"|"9"|"12"|"5.5"|"5.5"|"1"|"Gals."|"2008-08-18 20:44:11"|"2008-08-18 18:44:11"|"active"
"193"|"0"|"49"||"#1009A"|"19"|"1"|"36"|"12"|"11"|"11"|"4"|"Gals."|"2008-08-18 20:44:28"|"2008-08-18 18:44:28"|"active"
"194"|"0"|"49"||"#1009B"|"93.75"|"5"|"0"|"0"|"0"|"0"|"1"|"Gals."|"2008-08-18 20:44:49"|"2008-08-18 18:44:49"|"active"
"195"|"0"|"50"||"#1062"|"16"|"32"|"0"|"0"|"3.25"|"3.25"|"1"|"o.z."|"2008-08-18 20:45:09"|"2008-08-18 18:45:09"|"active"
"196"|"0"|"51"||"#1015C"|"7"|"16"|"0"|"0"|"2.25"|"2.25"|"1"|"o.z."|"2008-08-18 20:45:47"|"2008-08-18 18:45:47"|"active"
"197"|"0"|"51"||"#1015C"|"6.75"|"16"|"0"|"0"|"0"|"0"|"12"|"o.z."|"2008-08-18 20:46:24"|"2008-08-18 18:46:24"|"active"
"198"|"0"|"51"||"#1015"|"22"|"1"|"9"|"12"|"5.5"|"5.5"|"1"|"Gals."|"2008-08-18 20:46:43"|"2008-08-18 18:46:43"|"active"
"199"|"0"|"51"||"#1015A"|"20"|"1"|"36"|"12"|"11"|"11"|"4"|"Gals."|"2008-08-18 20:46:58"|"2008-08-18 18:46:58"|"active"
"200"|"0"|"52"||"#1041C"|"11"|"32"|"0"|"0"|"3.25"|"3.25"|"1"|"o.z."|"2008-08-18 20:47:43"|"2008-08-18 18:47:43"|"active"
"201"|"0"|"52"||"#1041C"|"10.75"|"32"|"0"|"0"|"0"|"0"|"6"|"o.z."|"2008-08-18 20:48:04"|"2008-08-18 18:48:04"|"active"
"202"|"0"|"52"||"#1041"|"26"|"1"|"9"|"12"|"5.5"|"5.5"|"1"|"Gals."|"2008-08-18 20:48:17"|"2008-08-18 18:48:17"|"active"
"203"|"0"|"52"||"#1041A"|"24"|"1"|"36"|"12"|"11"|"11"|"4"|"Gals."|"2008-08-18 20:48:31"|"2008-08-18 18:48:31"|"active"
"204"|"0"|"62"||"#1038B"|"14"|"12"|"0"|"0"|"0"|"0"|"12"||"2008-08-18 20:53:20"|"2008-08-18 18:53:20"|"active"
"205"|"0"|"63"||"#1038A"|"14"|"0"|"0"|"0"|"0"|"0"|"12"||"2008-08-18 20:53:38"|"2008-08-18 18:53:38"|"active"
"206"|"0"|"73"|||"16"|"8.5"|"0"|"0"|"0"|"0"|"1"|"o.z."|"2008-08-18 20:59:55"|"2008-08-18 18:59:55"|"active"
"207"|"0"|"73"|||"6.5"|"2.5"|"0"|"0"|"0"|"0"|"1"|"o.z."|"2008-08-18 21:00:11"|"2008-08-18 19:00:11"|"active"
"208"|"0"|"74"|||"8"|"10"|"0.88"|"1"|"2.5"|"2.5"|"1"|"ml"|"2008-08-18 21:02:30"|"2008-08-18 19:02:30"|"active"
"209"|"0"|"74"|||"19"|"30"|"0.17"|"3.5"|"1.25"|"1.25"|"1"|"ml"|"2008-08-18 21:02:43"|"2008-08-18 19:02:43"|"active"
"210"|"0"|"64"|||"6"|"4"|"0"|"0"|"0"|"0"|"1"|"o.z."|"2008-08-18 21:03:18"|"2008-08-18 19:03:18"|"active"
"211"|"0"|"65"||"#1034"|"5"|"0"|"0"|"0"|"0"|"0"|"1"||"2008-08-18 21:03:36"|"2008-08-18 19:03:36"|"active"
"212"|"0"|"66"||"#1034C"|"12"|"0"|"0"|"0"|"0"|"0"|"1"||"2008-08-18 21:03:55"|"2008-08-18 19:03:55"|"active"
"213"|"0"|"67"||"#2013"|"2.5"|"0"|"0"|"0"|"0"|"0"|"1"||"2008-08-18 21:04:15"|"2008-08-18 19:04:15"|"active"
"214"|"0"|"68"||"#2012"|"1.5"|"8"|"0"|"0"|"0"|"0"|"1"|"o.z."|"2008-08-18 21:04:33"|"2008-08-18 19:04:33"|"active"
"215"|"0"|"68"||"#2012"|"1"|"2"|"0"|"0"|"0"|"0"|"1"|"o.z."|"2008-08-18 21:04:43"|"2008-08-18 19:04:43"|"active"
"216"|"0"|"69"||"#1032"|"7.5"|"0"|"0"|"0"|"0"|"0"|"1"||"2008-08-18 21:05:06"|"2008-08-18 19:05:06"|"active"
"217"|"0"|"70"||"#1033"|"6.5"|"0"|"0"|"0"|"0"|"0"|"1"||"2008-08-18 21:05:21"|"2008-08-18 19:05:21"|"active"
"218"|"0"|"62"|||"0"|"0"|"0"|"0"|"0"|"0"|"0"||"2008-09-28 17:12:20"|"2008-09-28 15:10:35"|"deleted"
"219"|"0"|"75"||"#1018A"|"2"|"2"|"0"|"0"|"0"|"0"|"1"|"o.z."|"2008-10-09 19:12:02"|"2008-10-05 14:13:07"|"active"
"220"|"0"|"75"||"#1018B"|"6"|"8"|"0"|"0"|"0"|"0"|"1"|"o.z."|"2008-10-05 16:17:39"|"2008-10-05 14:17:39"|"active"
"221"|"0"|"75"||"#1018C"|"40"|"1"|"0"|"0"|"0"|"0"|"1"|"Gals."|"2008-10-05 16:18:00"|"2008-10-05 14:18:00"|"active"
"222"|"0"|"76"||"#1018A2"|"3"|"2"|"0"|"0"|"0"|"0"|"1"|"o.z."|"2008-10-07 01:46:17"|"2008-10-05 14:18:29"|"active"
"223"|"0"|"76"||"#1018B2"|"6"|"8"|"0"|"0"|"0"|"0"|"1"|"o.z."|"2008-10-07 01:47:11"|"2008-10-05 14:18:54"|"active"
"224"|"0"|"76"||"#1018C"|"40"|"1"|"0"|"0"|"0"|"0"|"1"|"Gals."|"2008-10-05 16:21:32"|"2008-10-05 14:21:32"|"active"
"225"|"0"|"77"||"#1018A"|"3"|"2"|"0"|"0"|"0"|"0"|"1"|"o.z."|"2008-10-05 16:22:24"|"2008-10-05 14:22:24"|"active"
"226"|"0"|"77"||"#1018B"|"6"|"8"|"0"|"0"|"0"|"0"|"1"|"o.z."|"2008-10-05 16:22:40"|"2008-10-05 14:22:40"|"active"
"227"|"0"|"77"||"#1018C"|"40"|"1"|"0"|"0"|"0"|"0"|"1"|"Gals."|"2008-10-05 16:23:01"|"2008-10-05 14:23:01"|"active"
"228"|"0"|"78"||"#1018A"|"3"|"2"|"0"|"0"|"0"|"0"|"1"|"o.z."|"2008-10-05 16:23:24"|"2008-10-05 14:23:24"|"active"
"229"|"0"|"78"||"#1018B"|"6"|"8"|"0"|"0"|"0"|"0"|"1"|"o.z."|"2008-10-05 16:23:42"|"2008-10-05 14:23:42"|"active"
"230"|"0"|"78"||"#1018C"|"40"|"1"|"0"|"0"|"0"|"0"|"1"|"Gals."|"2008-10-05 16:23:59"|"2008-10-05 14:23:59"|"active"
"231"|"0"|"79"||"#1018A"|"3"|"2"|"0"|"0"|"0"|"0"|"1"|"o.z."|"2008-10-05 16:24:44"|"2008-10-05 14:24:44"|"active"
"232"|"0"|"79"||"#1018B"|"6"|"8"|"0"|"0"|"0"|"0"|"1"|"o.z."|"2008-10-05 16:25:04"|"2008-10-05 14:25:04"|"active"
"233"|"0"|"79"||"#1018C"|"40"|"1"|"0"|"0"|"0"|"0"|"1"|"Gals."|"2008-10-05 16:25:24"|"2008-10-05 14:25:24"|"active"
"234"|"0"|"80"||"#1018A"|"3"|"2"|"0"|"0"|"0"|"0"|"1"|"o.z."|"2008-10-05 16:25:43"|"2008-10-05 14:25:43"|"active"
"235"|"0"|"80"||"#1018B"|"6"|"8"|"0"|"0"|"0"|"0"|"1"|"o.z."|"2008-10-05 16:26:00"|"2008-10-05 14:26:00"|"active"
"236"|"0"|"80"||"#1018C"|"40"|"1"|"0"|"0"|"0"|"0"|"1"|"Gals."|"2008-10-05 16:26:19"|"2008-10-05 14:26:19"|"active"
"237"|"0"|"81"||"#1018A"|"3"|"2"|"0"|"0"|"0"|"0"|"1"|"o.z."|"2008-10-05 16:26:47"|"2008-10-05 14:26:47"|"active"
"238"|"0"|"81"||"#1018B"|"6"|"8"|"0"|"0"|"0"|"0"|"1"|"o.z."|"2008-10-05 16:28:20"|"2008-10-05 14:28:20"|"active"
"239"|"0"|"81"||"#1018C"|"40"|"1"|"0"|"0"|"0"|"0"|"1"|"Gals."|"2008-10-05 16:29:01"|"2008-10-05 14:29:01"|"active"
"240"|"0"|"82"||"#1018A"|"3"|"2"|"0"|"0"|"0"|"0"|"1"|"o.z."|"2008-10-05 16:29:19"|"2008-10-05 14:29:19"|"active"
"241"|"0"|"82"||"#1018B"|"6"|"8"|"0"|"0"|"0"|"0"|"1"|"o.z."|"2008-10-05 16:30:03"|"2008-10-05 14:30:03"|"active"
"242"|"0"|"82"||"#1018C"|"40"|"1"|"0"|"0"|"0"|"0"|"1"|"Gals."|"2008-10-05 16:30:28"|"2008-10-05 14:30:28"|"active"
"243"|"0"|"83"||"#1018A"|"3"|"2"|"0"|"0"|"0"|"0"|"1"|"o.z."|"2008-10-05 16:35:13"|"2008-10-05 14:35:13"|"active"
"244"|"0"|"83"||"#1018B"|"6"|"8"|"0"|"0"|"0"|"0"|"1"|"o.z."|"2008-10-05 16:35:39"|"2008-10-05 14:35:39"|"active"
"245"|"0"|"83"||"#1018C"|"40"|"1"|"0"|"0"|"0"|"0"|"1"|"Gals."|"2008-10-05 16:35:54"|"2008-10-05 14:35:54"|"active"
"246"|"0"|"84"||"#1018A"|"3"|"2"|"0"|"0"|"0"|"0"|"1"|"o.z."|"2008-10-05 16:36:11"|"2008-10-05 14:36:11"|"active"
"247"|"0"|"84"||"#1018B"|"6"|"8"|"0"|"0"|"0"|"0"|"1"|"o.z."|"2008-10-05 16:36:27"|"2008-10-05 14:36:27"|"active"
"248"|"0"|"84"||"#1018C"|"40"|"1"|"0"|"0"|"0"|"0"|"1"|"Gals."|"2008-10-05 16:36:43"|"2008-10-05 14:36:43"|"active"
"249"|"0"|"85"||"#1018A"|"3"|"2"|"0"|"0"|"0"|"0"|"1"|"o.z."|"2008-10-05 16:37:05"|"2008-10-05 14:37:05"|"active"
"250"|"0"|"85"||"#1018B"|"6"|"8"|"0"|"0"|"0"|"0"|"1"|"o.z."|"2008-10-05 16:37:24"|"2008-10-05 14:37:24"|"active"
"251"|"0"|"85"||"#1018C"|"40"|"1"|"0"|"0"|"0"|"0"|"1"|"Gals."|"2008-10-05 16:37:37"|"2008-10-05 14:37:37"|"active"
"252"|"0"|"86"||"#1018A"|"3"|"2"|"0"|"0"|"0"|"0"|"1"|"o.z."|"2008-10-05 16:38:01"|"2008-10-05 14:38:01"|"active"
"253"|"0"|"86"||"#1018B"|"6"|"8"|"0"|"0"|"0"|"0"|"1"|"o.z."|"2008-10-05 16:38:26"|"2008-10-05 14:38:26"|"active"
"254"|"0"|"86"||"#1018C"|"40"|"1"|"0"|"0"|"0"|"0"|"1"|"Gals."|"2008-10-05 16:38:50"|"2008-10-05 14:38:50"|"active"
"255"|"0"|"87"||"#1018A"|"3"|"2"|"0"|"0"|"0"|"0"|"1"|"o.z."|"2008-10-05 16:39:36"|"2008-10-05 14:39:36"|"active"
"256"|"0"|"87"||"#1018B"|"6"|"8"|"0"|"0"|"0"|"0"|"1"|"o.z."|"2008-10-05 16:39:55"|"2008-10-05 14:39:55"|"active"
"257"|"0"|"87"||"#1018C"|"40"|"1"|"0"|"0"|"0"|"0"|"1"|"Gals."|"2008-10-05 16:40:14"|"2008-10-05 14:40:14"|"active"
"258"|"0"|"88"||"#1018A"|"3"|"2"|"0"|"0"|"0"|"0"|"1"|"o.z."|"2008-10-05 16:40:35"|"2008-10-05 14:40:35"|"active"
"259"|"0"|"88"||"#1018B"|"6"|"8"|"0"|"0"|"0"|"0"|"1"|"o.z."|"2008-10-05 16:40:51"|"2008-10-05 14:40:51"|"active"
"260"|"0"|"88"||"#1018C"|"40"|"1"|"0"|"0"|"0"|"0"|"1"|"Gals."|"2008-10-05 16:41:05"|"2008-10-05 14:41:05"|"active"
"261"|"0"|"89"||"#1018A"|"3"|"2"|"0"|"0"|"0"|"0"|"1"|"o.z."|"2008-10-05 16:41:22"|"2008-10-05 14:41:22"|"active"
"262"|"0"|"89"||"#1018B"|"6"|"8"|"0"|"0"|"0"|"0"|"1"|"o.z."|"2008-10-05 16:41:39"|"2008-10-05 14:41:39"|"active"
"263"|"0"|"89"||"#1018C"|"40"|"1"|"0"|"0"|"0"|"0"|"1"|"Gals."|"2008-10-05 16:41:54"|"2008-10-05 14:41:54"|"active"
"264"|"0"|"90"||"#1018A"|"3"|"2"|"0"|"0"|"0"|"0"|"1"|"o.z."|"2008-10-05 16:42:16"|"2008-10-05 14:42:16"|"active"
"265"|"0"|"90"||"#1018B"|"6"|"8"|"0"|"0"|"0"|"0"|"1"|"o.z."|"2008-10-05 16:42:35"|"2008-10-05 14:42:35"|"active"
"266"|"0"|"90"||"#1018C"|"40"|"1"|"0"|"0"|"0"|"0"|"1"|"Gals."|"2008-10-05 16:43:00"|"2008-10-05 14:43:00"|"active"
"267"|"0"|"91"||"#1018A"|"3"|"2"|"0"|"0"|"0"|"0"|"1"|"o.z."|"2008-10-05 16:43:21"|"2008-10-05 14:43:21"|"active"
"268"|"0"|"91"||"#1018B"|"6"|"8"|"0"|"0"|"0"|"0"|"1"|"o.z."|"2008-10-05 16:43:37"|"2008-10-05 14:43:37"|"active"
"269"|"0"|"91"||"#1018C"|"40"|"1"|"0"|"0"|"0"|"0"|"1"|"Gals."|"2008-10-05 16:43:56"|"2008-10-05 14:43:56"|"active"
"270"|"0"|"92"||"#1018A"|"3"|"2"|"0"|"0"|"0"|"0"|"1"|"o.z."|"2008-10-05 16:44:13"|"2008-10-05 14:44:13"|"active"
"271"|"0"|"92"||"#1018B"|"6"|"8"|"0"|"0"|"0"|"0"|"1"|"o.z."|"2008-10-05 16:44:31"|"2008-10-05 14:44:31"|"active"
"272"|"0"|"92"||"#1018C"|"40"|"1"|"0"|"0"|"0"|"0"|"1"|"Gals."|"2008-10-05 16:44:46"|"2008-10-05 14:44:46"|"active"
"273"|"0"|"93"||"#1018A"|"3"|"2"|"0"|"0"|"0"|"0"|"1"|"o.z."|"2008-10-05 16:45:07"|"2008-10-05 14:45:07"|"active"
"274"|"0"|"93"||"#1018B"|"6"|"8"|"0"|"0"|"0"|"0"|"1"|"o.z."|"2008-10-05 16:45:26"|"2008-10-05 14:45:26"|"active"
"275"|"0"|"93"||"#1018C"|"40"|"1"|"0"|"0"|"0"|"0"|"1"|"Gals."|"2008-10-05 16:45:44"|"2008-10-05 14:45:44"|"active"
"276"|"0"|"94"||"#1018A"|"3"|"2"|"0"|"0"|"0"|"0"|"1"|"o.z."|"2008-10-05 16:46:00"|"2008-10-05 14:46:00"|"active"
"277"|"0"|"94"||"#1018B"|"6"|"8"|"0"|"0"|"0"|"0"|"1"|"o.z."|"2008-10-05 16:46:18"|"2008-10-05 14:46:18"|"active"
"278"|"0"|"94"||"#1018C"|"40"|"1"|"0"|"0"|"0"|"0"|"1"|"Gals."|"2008-10-05 16:46:42"|"2008-10-05 14:46:42"|"active"
"279"|"0"|"95"||"#1018A"|"3"|"2"|"0"|"0"|"0"|"0"|"1"|"o.z."|"2008-10-05 16:49:45"|"2008-10-05 14:49:45"|"active"
"280"|"0"|"95"||"#1018B"|"6"|"8"|"0"|"0"|"0"|"0"|"1"|"o.z."|"2008-10-05 16:50:03"|"2008-10-05 14:50:03"|"active"
"281"|"0"|"95"||"#1018C"|"40"|"1"|"0"|"0"|"0"|"0"|"1"|"Gals."|"2008-10-05 16:50:28"|"2008-10-05 14:50:28"|"active"
"282"|"0"|"96"||"#1018A"|"3"|"2"|"0"|"0"|"0"|"0"|"1"|"o.z."|"2008-10-05 16:50:45"|"2008-10-05 14:50:45"|"active"
"283"|"0"|"96"||"#1018B"|"6"|"8"|"0"|"0"|"0"|"0"|"1"|"o.z."|"2008-10-05 16:51:48"|"2008-10-05 14:51:48"|"active"
"284"|"0"|"96"||"#1018C"|"40"|"1"|"0"|"0"|"0"|"0"|"1"|"Gals."|"2008-10-05 16:52:17"|"2008-10-05 14:52:17"|"active"
"285"|"0"|"97"||"#1018A"|"3"|"2"|"0"|"0"|"0"|"0"|"1"|"o.z."|"2008-10-05 16:52:55"|"2008-10-05 14:52:55"|"active"
"286"|"0"|"97"||"#1018B"|"6"|"8"|"0"|"0"|"0"|"0"|"1"|"o.z."|"2008-10-05 16:53:12"|"2008-10-05 14:53:12"|"active"
"287"|"0"|"97"||"#1018C"|"40"|"1"|"0"|"0"|"0"|"0"|"1"|"Gals."|"2008-10-05 16:53:50"|"2008-10-05 14:53:50"|"active"
"288"|"0"|"120"||"#2005D"|"18"|"64"|"0"|"0"|"0"|"0"|"1"|"o.z."|"2008-10-05 17:46:02"|"2008-10-05 15:46:02"|"active"
"289"|"0"|"101"||"1024A1"|"2.25"|"2.5"|"0"|"0"|"0"|"0"|"1"|"o.z."|"2008-10-06 18:13:33"|"2008-10-06 16:13:33"|"active"
"290"|"0"|"130"||"S0014"|"0"|"4"|"0"|"0"|"0"|"0"|"1"|"o.z."|"2008-10-08 23:26:12"|"2008-10-08 21:26:12"|"active"
"291"|"0"|"130"||"S00112"|"0"|"12"|"0"|"0"|"0"|"0"|"1"|"o.z."|"2008-10-08 23:27:42"|"2008-10-08 21:27:42"|"active"
"292"|"0"|"130"||"S00164"|"0"|"64"|"0"|"0"|"0"|"0"|"1"|"o.z."|"2008-10-08 23:28:10"|"2008-10-08 21:28:10"|"active"
"293"|"0"|"131"||"S0044"|"0"|"4"|"0"|"0"|"0"|"0"|"1"|"o.z."|"2008-10-08 23:31:15"|"2008-10-08 21:31:15"|"active"
"294"|"0"|"131"||"S00412"|"0"|"12"|"0"|"0"|"0"|"0"|"1"|"o.z."|"2008-10-08 23:32:00"|"2008-10-08 21:32:00"|"active"
"295"|"0"|"131"||"S00464"|"0"|"64"|"0"|"0"|"0"|"0"|"1"|"o.z."|"2008-10-08 23:32:32"|"2008-10-08 21:32:32"|"active"
"296"|"0"|"121"||"S0054"|"0"|"4"|"0"|"0"|"0"|"0"|"4"|"o.z."|"2008-10-08 23:40:56"|"2008-10-08 21:33:54"|"active"
"297"|"0"|"121"||"S00512"|"0"|"12"|"0"|"0"|"0"|"0"|"1"|"o.z."|"2008-10-08 23:34:14"|"2008-10-08 21:34:14"|"active"
"298"|"0"|"121"||"S00564"|"0"|"64"|"0"|"0"|"0"|"0"|"1"|"o.z."|"2008-10-08 23:41:24"|"2008-10-08 21:41:24"|"active"
"299"|"0"|"132"||"S0024"|"0"|"4"|"0"|"0"|"0"|"0"|"1"|"o.z."|"2008-10-08 23:42:58"|"2008-10-08 21:42:58"|"active"
"300"|"0"|"132"||"S00212"|"0"|"12"|"0"|"0"|"0"|"0"|"1"|"o.z."|"2008-10-08 23:43:30"|"2008-10-08 21:43:30"|"active"
"301"|"0"|"132"||"S00264"|"0"|"64"|"0"|"0"|"0"|"0"|"1"|"o.z."|"2008-10-09 17:49:42"|"2008-10-09 15:49:42"|"active"
"302"|"0"|"122"||"S0034"|"0"|"4"|"0"|"0"|"0"|"0"|"1"|"o.z."|"2008-10-09 17:52:42"|"2008-10-09 15:51:30"|"active"
"303"|"0"|"122"||"S00312"|"0"|"12"|"0"|"0"|"0"|"0"|"1"|"o.z."|"2008-10-09 17:52:02"|"2008-10-09 15:52:02"|"active"
"304"|"0"|"122"||"S00364"|"0"|"64"|"0"|"0"|"0"|"0"|"1"|"o.z."|"2008-10-09 17:52:23"|"2008-10-09 15:52:23"|"active"
"305"|"0"|"133"||"S0064"|"0"|"4"|"0"|"0"|"0"|"0"|"1"|"o.z."|"2008-10-09 17:54:03"|"2008-10-09 15:54:03"|"active"
"306"|"0"|"133"||"S00612"|"0"|"12"|"0"|"0"|"0"|"0"|"1"|"o.z."|"2008-10-09 17:54:25"|"2008-10-09 15:54:25"|"active"
"307"|"0"|"134"||"C0024"|"0"|"4"|"0"|"0"|"0"|"0"|"1"|"o.z."|"2008-10-09 17:57:16"|"2008-10-09 15:57:16"|"active"
"308"|"0"|"134"||"C00212"|"0"|"12"|"0"|"0"|"0"|"0"|"1"|"o.z."|"2008-10-09 17:57:42"|"2008-10-09 15:57:42"|"active"
"309"|"0"|"134"||"C00264"|"0"|"64"|"0"|"0"|"0"|"0"|"1"|"o.z."|"2008-10-09 17:58:09"|"2008-10-09 15:58:09"|"active"
"310"|"0"|"135"||"C0034"|"0"|"4"|"0"|"0"|"0"|"0"|"1"|"o.z."|"2008-10-09 17:59:15"|"2008-10-09 15:59:15"|"active"
"311"|"0"|"135"||"C00312"|"0"|"12"|"0"|"0"|"0"|"0"|"1"|"o.z."|"2008-10-09 17:59:34"|"2008-10-09 15:59:34"|"active"
"312"|"0"|"135"||"C00364"|"0"|"64"|"0"|"0"|"0"|"0"|"1"|"o.z."|"2008-10-09 17:59:55"|"2008-10-09 15:59:55"|"active"
"313"|"0"|"136"||"C0054"|"0"|"4"|"0"|"0"|"0"|"0"|"1"|"o.z."|"2008-10-09 18:01:05"|"2008-10-09 16:01:05"|"active"
"314"|"0"|"136"||"C00512"|"0"|"12"|"0"|"0"|"0"|"0"|"1"|"o.z."|"2008-10-09 18:01:41"|"2008-10-09 16:01:41"|"active"
"315"|"0"|"137"||"C0064"|"0"|"4"|"0"|"0"|"0"|"0"|"1"|"o.z."|"2008-10-09 18:02:42"|"2008-10-09 16:02:42"|"active"
"316"|"0"|"137"||"C00612"|"0"|"12"|"0"|"0"|"0"|"0"|"1"|"o.z."|"2008-10-09 18:03:07"|"2008-10-09 16:03:07"|"active"
"317"|"0"|"137"||"C00664"|"0"|"64"|"0"|"0"|"0"|"0"|"1"|"o.z."|"2008-10-09 18:03:30"|"2008-10-09 16:03:30"|"active"
"318"|"0"|"138"||"C0014"|"0"|"4"|"0"|"0"|"0"|"0"|"1"|"o.z."|"2008-10-09 18:04:46"|"2008-10-09 16:04:46"|"active"
"319"|"0"|"138"||"C00112"|"0"|"12"|"0"|"0"|"0"|"0"|"1"|"o.z."|"2008-10-09 18:05:14"|"2008-10-09 16:05:14"|"active"
"320"|"0"|"138"||"C00164"|"0"|"64"|"0"|"0"|"0"|"0"|"1"|"o.z."|"2008-10-09 18:05:31"|"2008-10-09 16:05:31"|"active"
"321"|"0"|"139"||"C0044"|"0"|"4"|"0"|"0"|"0"|"0"|"1"|"o.z."|"2008-10-09 18:06:36"|"2008-10-09 16:06:36"|"active"
"322"|"0"|"139"||"C00412"|"0"|"12"|"0"|"0"|"0"|"0"|"1"|"o.z."|"2008-10-09 18:06:50"|"2008-10-09 16:06:50"|"active"
"323"|"0"|"139"||"C00464"|"0"|"64"|"0"|"0"|"0"|"0"|"1"|"o.z."|"2008-10-09 18:07:34"|"2008-10-09 16:07:34"|"active"
"324"|"0"|"140"||"H0024"|"0"|"4"|"0"|"0"|"0"|"0"|"1"|"o.z."|"2008-10-09 18:13:29"|"2008-10-09 16:13:29"|"active"
"325"|"0"|"140"||"H00212"|"0"|"12"|"0"|"0"|"0"|"0"|"1"|"o.z."|"2008-10-09 18:13:45"|"2008-10-09 16:13:45"|"active"
"326"|"0"|"140"||"H00264"|"0"|"64"|"0"|"0"|"0"|"0"|"1"|"o.z."|"2008-10-09 18:14:00"|"2008-10-09 16:14:00"|"active"
"327"|"0"|"141"||"H0034"|"0"|"4"|"0"|"0"|"0"|"0"|"1"|"o.z."|"2008-10-09 18:14:59"|"2008-10-09 16:14:59"|"active"
"328"|"0"|"141"||"H00312"|"0"|"12"|"0"|"0"|"0"|"0"|"1"|"o.z."|"2008-10-09 18:15:12"|"2008-10-09 16:15:12"|"active"
"329"|"0"|"141"||"H00364"|"0"|"64"|"0"|"0"|"0"|"0"|"1"|"o.z."|"2008-10-09 18:15:29"|"2008-10-09 16:15:29"|"active"
"330"|"0"|"143"||"H0044"|"0"|"4"|"0"|"0"|"0"|"0"|"1"|"o.z."|"2008-10-09 18:22:07"|"2008-10-09 16:22:07"|"active"
"331"|"0"|"143"||"H00412"|"0"|"12"|"0"|"0"|"0"|"0"|"1"|"o.z."|"2008-10-09 18:22:41"|"2008-10-09 16:22:41"|"active"
"332"|"0"|"143"||"H00464"|"0"|"64"|"0"|"0"|"0"|"0"|"1"|"o.z."|"2008-10-09 18:23:12"|"2008-10-09 16:23:12"|"active"
"333"|"0"|"144"||"H0014"|"0"|"4"|"0"|"0"|"0"|"0"|"1"|"o.z."|"2008-10-09 18:26:10"|"2008-10-09 16:26:10"|"active"
"334"|"0"|"144"||"H00112"|"0"|"12"|"0"|"0"|"0"|"0"|"1"|"o.z."|"2008-10-09 18:26:39"|"2008-10-09 16:26:39"|"active"
"335"|"0"|"144"||"H00164"|"0"|"64"|"0"|"0"|"0"|"0"|"1"|"o.z."|"2008-10-09 18:27:10"|"2008-10-09 16:27:10"|"active"
"336"|"0"|"146"||"H0054"|"0"|"4"|"0"|"0"|"0"|"0"|"1"|"o.z."|"2008-10-09 18:32:08"|"2008-10-09 16:32:08"|"active"
"337"|"0"|"146"||"H00512"|"0"|"12"|"0"|"0"|"0"|"0"|"1"|"o.z."|"2008-10-09 18:32:24"|"2008-10-09 16:32:24"|"active"
"338"|"0"|"146"||"H00564"|"0"|"64"|"0"|"0"|"0"|"0"|"1"|"o.z."|"2008-10-09 18:32:42"|"2008-10-09 16:32:42"|"active"
"339"|"0"|"147"||"K0014"|"0"|"4"|"0"|"0"|"0"|"0"|"1"|"o.z."|"2008-10-09 18:33:22"|"2008-10-09 16:33:22"|"active"
"340"|"0"|"147"||"K00112"|"0"|"12"|"0"|"0"|"0"|"0"|"1"|"o.z."|"2008-10-09 18:33:40"|"2008-10-09 16:33:40"|"active"
"341"|"0"|"147"||"K00164"|"0"|"64"|"0"|"0"|"0"|"0"|"1"|"o.z."|"2008-10-09 18:33:59"|"2008-10-09 16:33:59"|"active"
"342"|"0"|"148"||"K0024"|"0"|"4"|"0"|"0"|"0"|"0"|"1"|"o.z."|"2008-10-09 18:34:45"|"2008-10-09 16:34:45"|"active"
"343"|"0"|"148"||"K00212"|"0"|"12"|"0"|"0"|"0"|"0"|"1"|"o.z."|"2008-10-09 18:34:58"|"2008-10-09 16:34:58"|"active"
"344"|"0"|"148"||"K00264"|"0"|"64"|"0"|"0"|"0"|"0"|"1"|"o.z."|"2008-10-09 18:35:15"|"2008-10-09 16:35:15"|"active"
"345"|"0"|"149"||"K0034"|"0"|"4"|"0"|"0"|"0"|"0"|"1"|"o.z."|"2008-10-09 18:35:58"|"2008-10-09 16:35:58"|"active"
"346"|"0"|"149"||"K00312"|"0"|"12"|"0"|"0"|"0"|"0"|"1"|"o.z."|"2008-10-09 18:36:08"|"2008-10-09 16:36:08"|"active"
"347"|"0"|"149"||"K00364"|"0"|"64"|"0"|"0"|"0"|"0"|"1"|"o.z."|"2008-10-09 18:36:23"|"2008-10-09 16:36:23"|"active"
"348"|"0"|"150"||"K0064"|"0"|"4"|"0"|"0"|"0"|"0"|"1"|"o.z."|"2008-10-09 18:37:03"|"2008-10-09 16:37:03"|"active"
"349"|"0"|"150"||"K00612"|"0"|"12"|"0"|"0"|"0"|"0"|"1"|"o.z."|"2008-10-09 18:37:15"|"2008-10-09 16:37:15"|"active"
"350"|"0"|"150"||"K00664"|"0"|"64"|"0"|"0"|"0"|"0"|"1"|"o.z."|"2008-10-09 18:37:39"|"2008-10-09 16:37:39"|"active"
"351"|"0"|"151"||"K0044"|"0"|"4"|"0"|"0"|"0"|"0"|"1"|"o.z."|"2008-10-09 18:38:24"|"2008-10-09 16:38:24"|"active"
"352"|"0"|"151"||"K00412"|"0"|"12"|"0"|"0"|"0"|"0"|"1"|"o.z."|"2008-10-09 18:38:39"|"2008-10-09 16:38:39"|"active"
"353"|"0"|"151"||"K00464"|"0"|"64"|"0"|"0"|"0"|"0"|"1"|"o.z."|"2008-10-09 18:39:32"|"2008-10-09 16:39:32"|"active"
"354"|"0"|"133"||"S00664"|"0"|"64"|"0"|"0"|"0"|"0"|"1"|"o.z."|"2008-10-09 18:44:35"|"2008-10-09 16:44:35"|"active"
"355"|"0"|"152"||"K0054"|"0"|"4"|"0"|"0"|"0"|"0"|"1"|"o.z."|"2008-10-09 18:44:59"|"2008-10-09 16:44:59"|"active"
"356"|"0"|"152"||"K00512"|"0"|"12"|"0"|"0"|"0"|"0"|"1"|"o.z."|"2008-10-09 18:45:11"|"2008-10-09 16:45:11"|"active"
"357"|"0"|"152"||"K00564"|"0"|"64"|"0"|"0"|"0"|"0"|"1"|"o.z."|"2008-10-09 18:45:27"|"2008-10-09 16:45:27"|"active"
"358"|"0"|"153"||"M0044"|"0"|"4"|"0"|"0"|"0"|"0"|"1"|"o.z."|"2008-10-09 18:46:33"|"2008-10-09 16:46:33"|"active"
"359"|"0"|"153"||"M00412"|"0"|"12"|"0"|"0"|"0"|"0"|"1"|"o.z."|"2008-10-09 18:46:50"|"2008-10-09 16:46:50"|"active"
"360"|"0"|"153"||"M00464"|"0"|"64"|"0"|"0"|"0"|"0"|"1"|"o.z."|"2008-10-09 18:47:06"|"2008-10-09 16:47:06"|"active"
"361"|"0"|"145"|||"0"|"0"|"0"|"0"|"0"|"0"|"0"||"2008-10-09 20:07:30"|"2008-10-09 16:47:30"|"deleted"
"362"|"0"|"154"||"M0024"|"0"|"4"|"0"|"0"|"0"|"0"|"1"|"o.z."|"2008-10-09 18:48:05"|"2008-10-09 16:48:05"|"active"
"363"|"0"|"154"||"M00212"|"0"|"12"|"0"|"0"|"0"|"0"|"1"|"o.z."|"2008-10-09 18:48:16"|"2008-10-09 16:48:16"|"active"
"364"|"0"|"154"||"M00264"|"0"|"64"|"0"|"0"|"0"|"0"|"1"|"o.z."|"2008-10-09 18:48:33"|"2008-10-09 16:48:33"|"active"
"365"|"0"|"145"|||"0"|"0"|"0"|"0"|"0"|"0"|"0"||"2008-10-09 20:07:42"|"2008-10-09 16:48:41"|"deleted"
"366"|"0"|"155"||"M0014"|"0"|"4"|"0"|"0"|"0"|"0"|"1"|"o.z."|"2008-10-09 18:49:27"|"2008-10-09 16:49:27"|"active"
"367"|"0"|"155"||"M00112"|"0"|"12"|"0"|"0"|"0"|"0"|"1"|"o.z."|"2008-10-09 18:49:47"|"2008-10-09 16:49:47"|"active"
"368"|"0"|"155"||"M00164"|"0"|"64"|"0"|"0"|"0"|"0"|"1"|"o.z."|"2008-10-09 18:49:57"|"2008-10-09 16:49:57"|"active"
"369"|"0"|"156"||"M0034"|"0"|"4"|"0"|"0"|"0"|"0"|"1"|"o.z."|"2008-10-09 18:50:45"|"2008-10-09 16:50:45"|"active"
"370"|"0"|"156"||"M00312"|"0"|"12"|"0"|"0"|"0"|"0"|"1"|"o.z."|"2008-10-09 18:50:59"|"2008-10-09 16:50:59"|"active"
"371"|"0"|"156"||"M00364"|"0"|"64"|"0"|"0"|"0"|"0"|"1"|"o.z."|"2008-10-09 18:51:14"|"2008-10-09 16:51:14"|"active"
"372"|"0"|"157"||"F0014"|"0"|"4"|"0"|"0"|"0"|"0"|"1"|"o.z."|"2008-10-09 18:52:13"|"2008-10-09 16:52:13"|"active"
"373"|"0"|"157"||"F00112"|"0"|"12"|"0"|"0"|"0"|"0"|"1"|"o.z."|"2008-10-09 18:52:27"|"2008-10-09 16:52:27"|"active"
"374"|"0"|"157"||"F00164"|"0"|"64"|"0"|"0"|"0"|"0"|"1"|"o.z."|"2008-10-09 18:52:39"|"2008-10-09 16:52:39"|"active"
"375"|"0"|"158"||"F0034"|"0"|"4"|"0"|"0"|"0"|"0"|"1"|"o.z."|"2008-10-09 18:53:18"|"2008-10-09 16:53:18"|"active"
"376"|"0"|"158"||"F00312"|"0"|"12"|"0"|"0"|"0"|"0"|"1"|"o.z."|"2008-10-09 18:53:30"|"2008-10-09 16:53:30"|"active"
"377"|"0"|"158"||"F00364"|"0"|"64"|"0"|"0"|"0"|"0"|"1"|"o.z."|"2008-10-09 18:53:46"|"2008-10-09 16:53:46"|"active"
"378"|"0"|"159"||"F0024"|"0"|"4"|"0"|"0"|"0"|"0"|"1"|"o.z."|"2008-10-09 18:54:44"|"2008-10-09 16:54:44"|"active"
"379"|"0"|"159"||"F00212"|"0"|"12"|"0"|"0"|"0"|"0"|"1"|"o.z."|"2008-10-09 18:55:05"|"2008-10-09 16:55:05"|"active"
"380"|"0"|"159"||"F00264"|"0"|"64"|"0"|"0"|"0"|"0"|"1"|"o.z."|"2008-10-09 18:55:17"|"2008-10-09 16:55:17"|"active"
"381"|"0"|"0"|||"0"|"0"|"0"|"0"|"0"|"0"|"0"||"2008-10-09 18:55:35"|"2008-10-09 16:55:35"|"active"
"382"|"0"|"160"||"F0044"|"0"|"4"|"0"|"0"|"0"|"0"|"1"|"o.z."|"2008-10-09 18:56:45"|"2008-10-09 16:56:45"|"active"
"383"|"0"|"160"||"F00412"|"0"|"12"|"0"|"0"|"0"|"0"|"1"|"o.z."|"2008-10-09 18:56:58"|"2008-10-09 16:56:58"|"active"
"384"|"0"|"160"||"F00464"|"0"|"64"|"0"|"0"|"0"|"0"|"1"|"o.z."|"2008-10-09 18:57:16"|"2008-10-09 16:57:16"|"active"
"385"|"0"|"161"||"F0054"|"0"|"4"|"0"|"0"|"0"|"0"|"1"|"o.z."|"2008-10-09 18:58:09"|"2008-10-09 16:58:09"|"active"
"386"|"0"|"161"||"F00512"|"0"|"12"|"0"|"0"|"0"|"0"|"1"|"o.z."|"2008-10-09 18:58:30"|"2008-10-09 16:58:30"|"active"
"387"|"0"|"161"||"F00564"|"0"|"64"|"0"|"0"|"0"|"0"|"1"|"o.z."|"2008-10-09 18:58:46"|"2008-10-09 16:58:46"|"active"
"388"|"0"|"40"||"2005D"|"0"|"64"|"0"|"0"|"0"|"0"|"1"|"o.z."|"2008-10-09 18:59:29"|"2008-10-09 16:59:29"|"active"
"389"|"0"|"111"||"20051"|"0"|"4"|"0"|"0"|"0"|"0"|"1"|"o.z."|"2008-10-09 19:02:15"|"2008-10-09 17:02:15"|"active"
"390"|"0"|"112"||"20052"|"0"|"12"|"0"|"0"|"0"|"0"|"1"|"o.z."|"2008-10-09 19:02:52"|"2008-10-09 17:02:52"|"active"
"391"|"0"|"112"||"20052"|"0"|"4"|"0"|"0"|"0"|"0"|"1"|"o.z."|"2008-10-09 19:03:26"|"2008-10-09 17:03:26"|"active"
"392"|"0"|"113"||"20053"|"0"|"4"|"0"|"0"|"0"|"0"|"1"|"o.z."|"2008-10-09 19:04:11"|"2008-10-09 17:04:11"|"active"
"393"|"0"|"114"||"20054"|"0"|"4"|"0"|"0"|"0"|"0"|"1"|"o.z."|"2008-10-09 19:04:29"|"2008-10-09 17:04:29"|"active"
"394"|"0"|"115"||"20055"|"0"|"4"|"0"|"0"|"0"|"0"|"1"|"o.z."|"2008-10-09 19:04:50"|"2008-10-09 17:04:50"|"active"
"395"|"0"|"116"||"20056"|"0"|"4"|"0"|"0"|"0"|"0"|"1"|"o.z."|"2008-10-09 19:05:04"|"2008-10-09 17:05:04"|"active"
"396"|"0"|"117"||"20057"|"0"|"4"|"0"|"0"|"0"|"0"|"1"|"o.z."|"2008-10-09 19:05:24"|"2008-10-09 17:05:24"|"active"
"397"|"0"|"118"||"20058"|"0"|"4"|"0"|"0"|"0"|"0"|"1"|"o.z."|"2008-10-09 19:05:38"|"2008-10-09 17:05:38"|"active"
"398"|"0"|"119"||"20059"|"0"|"4"|"0"|"0"|"0"|"0"|"1"|"o.z."|"2008-10-09 19:06:15"|"2008-10-09 17:05:56"|"active"
"399"|"0"|"101"||"1024A1R"|"9.5"|"2.5"|"0"|"0"|"0"|"0"|"1"|"o.z."|"2008-10-09 19:08:17"|"2008-10-09 17:08:17"|"active"
"400"|"0"|"75"||"1018A1R"|"7.95"|"2.5"|"0"|"0"|"0"|"0"|"1"|"o.z."|"2008-10-09 19:11:41"|"2008-10-09 17:09:21"|"deleted"
"401"|"0"|"54"||"#1030A"|"8"|"10"|"0.88"|"1"|"2.5"|"2.5"|"1"|"ml"|"2008-10-09 19:42:46"|"2008-10-09 17:42:46"|"active"
"402"|"0"|"54"||"#1030B"|"19"|"30"|"0.17"|"3.5"|"1.25"|"1.25"|"1"|"ml"|"2008-10-09 19:43:10"|"2008-10-09 17:43:10"|"active"
"403"|"0"|"53"||"#1031A"|"8"|"10"|"0.88"|"1"|"2.5"|"2.5"|"1"|"ml"|"2008-10-09 19:43:32"|"2008-10-09 17:43:32"|"active"
"404"|"0"|"53"||"#1031B"|"19"|"30"|"0.17"|"3.5"|"1.25"|"1.25"|"1"|"ml"|"2008-10-09 19:43:50"|"2008-10-09 17:43:50"|"active"
"405"|"0"|"162"||"#2017A"|"8"|"10"|"0.88"|"1"|"2.5"|"2.5"|"1"|"ml"|"2008-10-09 19:45:58"|"2008-10-09 17:45:58"|"active"
"406"|"0"|"162"||"#2017B"|"19"|"30"|"0.17"|"3.5"|"1.25"|"1.25"|"1"|"ml"|"2008-10-09 19:46:27"|"2008-10-09 17:46:27"|"active"
"407"|"0"|"55"||"#1206A"|"8"|"10"|"0.88"|"1"|"2.5"|"2.5"|"1"|"ml"|"2008-10-09 19:47:00"|"2008-10-09 17:47:00"|"active"
"408"|"0"|"55"||"#1026B"|"19"|"30"|"0.17"|"3.5"|"1.25"|"1.25"|"1"|"ml"|"2008-10-09 19:47:58"|"2008-10-09 17:47:58"|"active"
"409"|"0"|"56"||"#1028A"|"8"|"10"|"0.88"|"1"|"2.5"|"2.5"|"1"|"ml"|"2008-10-09 19:49:36"|"2008-10-09 17:49:36"|"active"
"410"|"0"|"56"||"#1028B"|"19"|"30"|"0.17"|"3.5"|"1.25"|"1.25"|"1"|"ml"|"2008-10-09 19:49:59"|"2008-10-09 17:49:59"|"active"
"411"|"0"|"57"||"#1025A"|"8"|"10"|"0.88"|"1"|"2.5"|"2.5"|"1"|"ml"|"2008-10-09 19:50:17"|"2008-10-09 17:50:17"|"active"
"412"|"0"|"57"||"#1025B"|"19"|"30"|"0.17"|"3.5"|"1.25"|"1.25"|"1"|"ml"|"2008-10-09 19:50:39"|"2008-10-09 17:50:39"|"active"
"413"|"0"|"58"||"#1027A"|"8"|"10"|"0.88"|"1"|"2.5"|"2.5"|"1"|"ml"|"2008-10-09 19:51:03"|"2008-10-09 17:51:03"|"active"
"414"|"0"|"58"||"#1027B"|"19"|"30"|"0.17"|"3.5"|"1.25"|"1.25"|"1"|"ml"|"2008-10-09 19:51:20"|"2008-10-09 17:51:20"|"active"
"415"|"0"|"59"||"#1029A"|"8"|"10"|"0.88"|"1"|"2.5"|"2.5"|"1"|"ml"|"2008-10-09 19:51:47"|"2008-10-09 17:51:47"|"active"
"416"|"0"|"59"||"#1029B"|"19"|"30"|"0.17"|"3.5"|"1.25"|"1.25"|"1"|"ml"|"2008-10-09 19:52:15"|"2008-10-09 17:52:15"|"active"
"417"|"0"|"163"||"#1080AMP"|"6.5"|"2.5"|"0"|"0"|"0"|"0"|"1"|"o.z."|"2008-10-09 20:03:19"|"2008-10-09 18:03:19"|"active"
"418"|"0"|"163"||"#1080MP"|"16"|"8.5"|"0"|"0"|"0"|"0"|"1"|"o.z."|"2008-10-09 20:03:46"|"2008-10-09 18:03:46"|"active"
"419"|"0"|"145"||"#1080AHA"|"6.5"|"2.5"|"0"|"0"|"0"|"0"|"1"|"o.z."|"2008-10-09 20:04:06"|"2008-10-09 18:04:06"|"active"
"420"|"0"|"145"||"#1080BHA"|"16"|"8.5"|"0"|"0"|"0"|"0"|"1"|"o.z."|"2008-10-09 20:04:33"|"2008-10-09 18:04:33"|"active"
"421"|"0"|"164"||"#1080ATS"|"6.5"|"2.5"|"0"|"0"|"0"|"0"|"1"|"o.z."|"2008-10-09 20:05:15"|"2008-10-09 18:05:15"|"active"
"422"|"0"|"164"||"#1080BTS"|"16"|"8.5"|"0"|"0"|"0"|"0"|"1"|"o.z."|"2008-10-09 20:05:42"|"2008-10-09 18:05:42"|"active"
"423"|"0"|"165"|||"70"|"0"|"0"|"0"|"0"|"0"|"1"||"2008-10-09 21:03:03"|"2008-10-09 19:03:03"|"active"
"424"|"0"|"166"||"Model 60"|"649"|"1"|"0"|"0"|"0"|"0"|"1"||"2008-10-09 21:16:40"|"2008-10-09 19:16:40"|"active"
"425"|"0"|"167"||"Model 60FT"|"639"|"1"|"0"|"0"|"0"|"0"|"1"||"2008-10-09 21:22:50"|"2008-10-09 19:22:50"|"active"
"426"|"0"|"168"||"Model 40-3"|"849"|"1"|"0"|"0"|"0"|"0"|"1"||"2008-10-09 21:26:38"|"2008-10-09 19:26:38"|"active"
"427"|"0"|"169"||"Model 60-2"|"619"|"1"|"0"|"0"|"0"|"0"|"1"||"2008-10-09 21:30:28"|"2008-10-09 19:30:28"|"active"
"428"|"0"|"170"||"Model 38"|"459"|"1"|"0"|"0"|"0"|"0"|"1"||"2008-10-09 21:32:54"|"2008-10-09 19:32:54"|"active"
"429"|"0"|"171"||"Model 80-2"|"869"|"1"|"0"|"0"|"0"|"0"|"1"||"2008-10-09 21:36:25"|"2008-10-09 19:36:25"|"active"
"430"|"0"|"172"||"38-FLT"|"16"|"1"|"0"|"0"|"0"|"0"|"1"||"2008-10-09 21:39:04"|"2008-10-09 19:39:04"|"active"
"431"|"0"|"173"||"60-FLT"|"20"|"1"|"0"|"0"|"0"|"0"|"1"||"2008-10-09 21:40:15"|"2008-10-09 19:40:15"|"active"
"432"|"0"|"174"||"4080-FLT"|"25"|"1"|"0"|"0"|"0"|"0"|"1"||"2008-10-09 21:41:31"|"2008-10-09 19:41:31"|"active"
"433"|"0"|"175"||"CB-1"|"12"|"1"|"0"|"0"|"0"|"0"|"1"||"2008-10-09 21:43:18"|"2008-10-09 19:43:18"|"active"
"434"|"0"|"176"||"FLP-1"|"11"|"1"|"0"|"0"|"0"|"0"|"1"||"2008-10-09 21:44:34"|"2008-10-09 19:44:34"|"active"
"435"|"0"|"177"||"GSB-2"|"13"|"1"|"0"|"0"|"0"|"0"|"1"||"2008-10-09 21:45:50"|"2008-10-09 19:45:50"|"active"
"436"|"0"|"178"||"IB-2"|"14"|"1"|"0"|"0"|"0"|"0"|"1"||"2008-10-09 21:47:00"|"2008-10-09 19:47:00"|"active"
"437"|"0"|"179"||"LB-2"|"15"|"1"|"0"|"0"|"0"|"0"|"1"||"2008-10-09 21:48:06"|"2008-10-09 19:48:06"|"active"
"438"|"0"|"180"||"CSTR-1"|"8"|"1"|"0"|"0"|"0"|"0"|"1"||"2008-10-09 21:49:06"|"2008-10-09 19:49:06"|"active"
"439"|"0"|"183"||"FP-1"|"8"|"1"|"0"|"0"|"0"|"0"|"1"||"2008-10-09 21:53:37"|"2008-10-09 19:53:37"|"active"
"440"|"0"|"184"||"RD-1"|"9"|"1"|"0"|"0"|"0"|"0"|"1"||"2008-10-09 21:55:01"|"2008-10-09 19:55:01"|"active"
"441"|"0"|"185"||"HS-8"|"36"|"1"|"0"|"0"|"0"|"0"|"1"||"2008-10-09 21:55:53"|"2008-10-09 19:55:53"|"active"
"442"|"0"|"186"||"HS-8R"|"45"|"1"|"0"|"0"|"0"|"0"|"1"||"2008-10-09 21:57:09"|"2008-10-09 19:57:09"|"active"
"443"|"0"|"187"||"HC-1"|"8"|"1"|"0"|"0"|"0"|"0"|"1"||"2008-10-09 21:58:10"|"2008-10-09 19:58:10"|"active"
"444"|"0"|"188"||"IMP-110"|"98"|"1"|"0"|"0"|"0"|"0"|"1"||"2008-10-09 21:59:02"|"2008-10-09 19:59:02"|"active"
"445"|"0"|"188"||"IMP-110"|"105"|"1"|"0"|"0"|"0"|"0"|"1"||"2008-10-09 22:00:05"|"2008-10-09 20:00:05"|"active"
"446"|"0"|"190"||"4080-HD"|"25"|"1"|"0"|"0"|"0"|"0"|"1"||"2008-10-09 22:01:23"|"2008-10-09 20:01:23"|"active"
"447"|"0"|"191"||"60-HD"|"18"|"1"|"0"|"0"|"0"|"0"|"1"||"2008-10-09 22:02:37"|"2008-10-09 20:02:37"|"active"
"448"|"0"|"192"||"HH-1"|"9"|"1"|"0"|"0"|"0"|"0"|"1"||"2008-10-09 22:03:31"|"2008-10-09 20:03:31"|"active"
"449"|"0"|"193"||"EA-2"|"85"|"1"|"0"|"0"|"0"|"0"|"1"||"2008-10-09 22:04:37"|"2008-10-09 20:04:37"|"active"
